{" AAPL": {"shares": 4, "bought_price": 196.5800018310547, "invested": 196.5800018310547}, " TCS.NS": {"shares": 1, "bought_price": 3424.0, "invested": 3424.0}, "AAPL": {"shares": 1, "bought_price": 196.5800018310547, "invested": 196.5800018310547}, "TCS.NS": {"shares": 2, "bought_price": 3435.699951171875, "invested": 3435.699951171875}}